metric,ms
p50,0.00448
p90,0.5484053000000001
p99,3.9247915500000072
