pid,lifetime_ms,wakes,switches
1381,2005944.521318,1,1
1378,2005950.712019,1,1
1391,2005950.896109,1,1
1387,2005951.070494,1,1
1389,2005951.239667,1,1
1385,2005951.408660,1,1
1388,2005953.791631,1,3
1386,2005954.402010,1,3
1394,2005959.459955,1,1
1393,2005959.797931,1,1
1395,2005960.407289,1,1
1392,2005961.400225,1,3
1398,2005961.986052,1,1
1396,2005962.867414,1,1
1397,2005963.478062,1,1
1390,2006001.123566,1,193
1399,2026073.125176,1,263127
1294,2026154.476145,1,1023
