group,count,avg_wakes,avg_switches,avg_lifetime_ms
short (<200ms),0,,,
long (>=200ms),13,1.0769230769230769,20103.46153846154,2256762.4250209997
