pid,lifetime_ms,wakes,switches
1534,2253674.351045,1,5
1532,2253675.190617,1,5
1529,2253675.534083,1,1
1530,2253676.321185,1,3
1533,2253676.653232,1,1
1539,2253677.355895,1,3
1538,2253677.690071,1,1
1535,2253678.334214,1,3
1531,2253678.668761,1,1
1536,2253678.997768,1,1
1537,2253679.547162,1,3
1540,2273727.322132,2,261309
1435,2273735.559108,1,9
